{
  "final_content": "Here’s the latest weather snapshot for New York City (as of the most recent update):\n\n- **Temperature:** 12 °C (about 54 °F)  \n- **Condition:** Light rain – a few clouds with scattered showers.  \n- **Humidity:** ~88 % – a bit muggy.  \n- **Wind:** 22 km/h (≈ 14 mph) from the southeast, so keep an umbrella handy.  \n\nIt’s a typical rainy weekday, so if you’re heading out, a waterproof jacket and a sturdy pair of shoes will keep you comfortable. Let me know if you’d like a forecast for the next few days or tips on indoor activities!",
  "logprobs": {
    "text_offset": [
      0,
      11,
      19,
      30,
      32,
      37,
      40,
      46,
      54,
      62,
      65,
      69,
      74,
      79,
      80,
      84,
      93,
      97,
      105,
      113,
      118,
      127,
      129,
      132,
      137,
      142,
      144,
      149,
      155,
      163,
      171,
      183,
      190,
      191,
      195,
      198,
      206,
      208,
      214,
      215,
      221,
      226,
      235,
      236,
      243,
      252,
      261,
      272,
      279,
      282,
      285,
      286,
      295,
      299,
      307,
      315,
      316,
      329,
      333,
      344,
      346,
      354,
      357,
      360,
      365,
      370,
      372
    ],
    "token_logprobs": [
      0.0,
      -1.1920928244535389E-7,
      -7.152555099310121E-7,
      -1.1732572317123413,
      -0.42634040117263794,
      -0.0016215997748076916,
      -4.500816822052002,
      -0.7691402435302734,
      -0.00006305972783593461,
      -1.1713309288024902,
      -0.20694750547409058,
      -0.0005354639724828303,
      -0.00713325385004282,
      -0.23304878175258636,
      -1.1053166389465332,
      -0.9967644214630127,
      -0.226772740483284,
      -8.344646857949556E-7,
      -7.152555099310121E-7,
      -1.0980572700500488,
      -0.010249244049191475,
      -0.38903820514678955,
      -0.0000213382354559144,
      -0.0005273620481602848,
      -0.00035148640745319426,
      -0.8064478635787964,
      -3.7220749855041504,
      -3.5084714889526367,
      -1.031718134880066,
      -1.5949790477752686,
      -2.3672597408294678,
      -0.05757315084338188,
      -2.6098127365112305,
      -6.088556289672852,
      -0.00019822540343739092,
      -0.9472688436508179,
      -0.8669560551643372,
      -0.000016689160474925302,
      -0.253019243478775,
      -1.736638069152832,
      -0.3199999928474426,
      -0.4816601276397705,
      -0.17815281450748444,
      -0.014296957291662693,
      0.0,
      0.0,
      -0.0000015497195136049413,
      -0.000002264974000354414,
      0.0,
      -0.0036535197868943214,
      -1.1920928244535389E-7,
      0.0,
      -0.0000027418097943154862,
      0.0,
      -1.1920928244535389E-7,
      -0.0003361137059982866,
      0.0,
      -0.00034445550409145653,
      -0.00020966715237591416,
      -0.0015786340227350593,
      0.0,
      -0.0004314445541240275,
      -0.000006198863957251888,
      -0.022217534482479095,
      -0.000007629365427419543,
      -0.011311096139252186,
      -1.1920928244535389E-7
    ],
    "tokens": [
      "<|channel|>",
      "analysis",
      "<|message|>",
      "We",
      " need",
      " to",
      " fetch",
      " current",
      " weather",
      " in",
      " New",
      " York",
      " City",
      ".",
      " Use",
      " function",
      " get",
      "_current",
      "_weather",
      " with",
      " location",
      " \"",
      "New",
      " York",
      " City",
      "\".",
      " Also",
      " maybe",
      " specify",
      " default",
      " temperature",
      " format",
      "?",
      " Lik",
      "ely",
      " default",
      " c",
      "elsius",
      ".",
      " We'll",
      " call",
      " function",
      ".",
      "<|end|>",
      "<|start|>",
      "assistant",
      "<|channel|>",
      "comment",
      "ary",
      " to",
      "=",
      "functions",
      ".get",
      "_current",
      "_weather",
      " ",
      "<|constrain|>",
      "json",
      "<|message|>",
      "{\"",
      "location",
      "\":\"",
      "New",
      " York",
      " City",
      "\"}",
      "<|call|>"
    ],
    "top_logprobs": [
      {
        "<|channel|>": 0.0
      },
      {
        "analysis": -1.1920928244535389E-7
      },
      {
        "<|message|>": -7.152555099310121E-7
      },
      {
        "The": -0.4232572317123413,
        "We": -1.1732572317123413
      },
      {
        " need": -0.42634040117263794
      },
      {
        " to": -0.0016215997748076916
      },
      {
        " fetch": -4.500816822052002,
        " respond": -0.875816822052002
      },
      {
        " current": -0.7691402435302734
      },
      {
        " weather": -0.00006305972783593461
      },
      {
        " for": -0.6713308691978455,
        " in": -1.1713309288024902
      },
      {
        " New": -0.20694750547409058
      },
      {
        " York": -0.0005354639724828303
      },
      {
        " City": -0.00713325385004282
      },
      {
        ".": -0.23304878175258636
      },
      {
        " Use": -1.1053166389465332
      },
      {
        " function": -0.9967644214630127,
        " the": -0.9967644214630127
      },
      {
        " get": -0.226772740483284
      },
      {
        "_current": -8.344646857949556E-7
      },
      {
        "_weather": -7.152555099310121E-7
      },
      {
        " with": -1.0980572700500488,
        ".": -0.47305721044540405
      },
      {
        " location": -0.010249244049191475
      },
      {
        " \"": -0.38903820514678955
      },
      {
        "New": -0.0000213382354559144
      },
      {
        " York": -0.0005273620481602848
      },
      {
        " City": -0.00035148640745319426
      },
      {
        "\"": -0.8064478635787964,
        "\".": -0.8064478635787964
      },
      {
        " Also": -3.7220749855041504,
        " The": -1.7220749855041504
      },
      {
        " maybe": -3.5084714889526367,
        " specify": -1.8834713697433472
      },
      {
        " specify": -1.031718134880066
      },
      {
        " default": -1.5949790477752686,
        " format": -0.3449789881706238
      },
      {
        " format": -0.617259681224823,
        " temperature": -2.3672597408294678
      },
      {
        " format": -0.05757315084338188
      },
      {
        ".": -1.359812617301941,
        "?": -2.6098127365112305
      },
      {
        " Lik": -6.088556289672852,
        " The": -0.9635560512542725
      },
      {
        "ely": -0.00019822540343739092
      },
      {
        " default": -0.9472688436508179
      },
      {
        " c": -0.8669560551643372,